1,G. Davoudi,23,G,71,80,80
12,Rafael Roballo,26,G,65,80,80
33,A. Ahaki,23,G,65,80,80
40,H. Pourhamidi,25,G,65,80,80
45,V. Sheikhveysi,29,G,62,80,80
2,M. Tayebi,30,D,72,80,80
3,P. Shirzadi,28,D,65,80,80
4,D. Mahini,23,D,71,80,80
5,Aghil Kaebi,26,D,65,80,80
6,M. Douraghi,26,D,59,80,80
8,E. Pourghaz,29,D,81,80,80
14,H. Bazyari,25,D,70,80,80
20,J. Abdi,23,D,70,80,80
28,B. Hashemi,22,D,63,80,80
7,H. Beytsaeid,26,M,77,80,80
11,M. Zobeydi,25,M,82,80,80
18,Deyvid Sacconi,29,M,65,80,80
19,M. Sharifi,25,M,61,80,80
22,H. Bahrami,25,M,52,80,80
26,A. Daghagheleh,21,M,68,80,80
29,I. Obeydipour,19,M,61,80,80
30,A. Alaei,25,M,58,80,80
31,M. Janadeleh,21,M,52,80,80
32,M. Ghanbarizadeh,21,M,54,80,80
9,F. Janfaza,23,A,63,80,80
10,R. Zahivi,29,A,72,80,80
17,S. Bahrani,27,A,55,80,80
23,F. Salarvand,28,A,65,80,80
24,A. Aashouri,28,A,50,80,80
70,M. Momeni,31,A,60,80,80
60,H. Hashemizadeh,19,A,71,80,80
