1,M. Rahmati,33,G,83,80,80
22,H. Hosseini,24,G,60,80,80
3,Robson,22,D,67,80,80
4,R. Cheshmi,23,D,75,80,80
5,M. Kanani,22,D,69,80,80
15,H. Mkoyan,30,D,73,80,80
18,M. Zakipour,21,D,62,80,80
20,M. Majidi,30,D,65,80,80
21,V. Ghafouri,29,D,74,80,80
33,M. Hosseini,20,D,72,80,80
55,M. Haj Mohammadi,25,D,71,80,80
90,Padovani,33,D,70,80,80
2,K. Heydari,33,M,78,80,80
6,O. Ebrahimi,29,M,86,80,80
7,B. Rahmani,25,M,79,80,80
14,F. Bagheri,24,M,65,80,80
24,O. Noorafkan,19,M,63,80,80
28,M. Karimi,22,M,68,80,80
88,F. Esmaeili,22,M,65,80,80
8,Y. Karimi,25,A,71,80,80
9,K. Rezaei,24,A,82,80,80
11,J. Ansari,29,A,79,80,80
16,A. Afshin,27,A,70,80,80
17,Ali Ghorbani,26,A,65,80,80
74,M. Haghdoust,20,A,60,80,80
77,B. Barzay,23,A,70,80,80