1,M. Tahmasebi,31,G,72,80,80
22,E. Moradian,22,G,60,80,80
31,F. Tayebipour,20,G,55,80,80
99,V. Talebloo,34,G,65,80,80
2,M.Najjarian,18,D,60,80,80
4,A. Vali,29,D,65,80,80
5,M. Aleshakhe,23,D,65,80,80
6,A. Karami,33,D,70,80,80
23,S. Saeidi,25,D,65,80,80
24,M. Jamaati,27,D,75,80,80
77,A. Naseri,24,D,60,80,80
8,H. Bouhamdan,27,M,70,80,80
11,A. Imani,24,M,63,80,80
15,M. Chago,33,M,77,80,80
17,M. Pakparvar,22,M,80,80,80
18,S. Moridi,20,M,53,80,80
20,A. Abdollahzadeh,24,M,63,80,80
21,B. Farrokhi,24,M,67,80,80
29,A. Rabbani,23,M,65,80,80
30,S. Hardani,25,M,64,80,80
32,H. Habibinejad,21,M,69,80,80
40,Y. Vekia,23,M,73,80,80
70,M. Badragheh,20,M,67,80,80
88,M. Motlaghzadeh,22,M,70,80,80
40,H. Ebrahimi,26,M,66,80,80
3,S. Ansari,25,A,85,80,80
10,E. Sharifat,28,A,73,80,80
26,B. Jahantigh,21,A,65,80,80
