1,Fernando,32,G,82,80,80
12,K. Maleki,25,G,70,80,80
6,M. Farziat,25,D,67,80,80
8,M. Asadi,37,D,63,80,80
14,M. Hosseini,31,D,70,80,80
23,A. Taghizadeh,22,D,71,80,80
40,B. Hatami,30,D,69,80,80
77,M. Ekrami,33,D,71,80,80
60,M. Tarshiz,38,D,59,80,80
2,M. Hamidi,31,M,63,80,80
5,Magno,31,M,72,80,80
11,M. Darvishi Ebrahimi,23,M,69,80,80
16,A. Naghizadeh,23,M,67,80,80
17,A. Khatibi,19,M,57,80,80
99,Amirhossein Karimi,20,M,55,80,80
61,M. Ghobakhloo,34,M,65,80,80
62,A. Jahan Alian,25,M,66,80,80
7,Y. Seyyedi,20,A,64,80,80
9,M. Khalatbari,33,A,80,80,80
10,D. Shojaeian,24,A,79,80,80
18,S. Koohnavard,32,A,67,80,80
29,Luciano Chimba,33,A,65,80,80
37,N. Mokhtari,18,A,68,80,80
61,M. Ebrahimzadeh,27,A,70,80,80
70,R. Khaleghifar,33,A,68,80,80
80,A. Arjmandian,20,A,74,80,80
63,P. Babaei,22,A,66,80,80
64,M. Salehi,35,A,62,80,80
