1,M. Eslami,31,G,67,80,80
22,S. Gareili,25,G,66,80,80
30,Manu,30,G,69,80,80
40,M. Janfeshan,25,G,56,80,80
41,S. Seyyed,25,G,59,80,80
42,P. Shamlou,34,G,53,80,80
2,S. Mehdipour,29,D,65,80,80
3,H. Gordani,33,D,71,80,80
5,Edson Henrique,29,D,68,80,80
6,B. Kamel,30,D,59,80,80
8,K. Kakashvili,23,D,75,80,80
15,M. Mahfouzi,30,D,65,80,80
20,M. Nosrati,34,D,75,80,80
36,S. Hosseiniannezhad,25,D,65,80,80
55,M. Ghoreishi,26,D,66,80,80
43,M. Fathi,23,D,57,80,80
44,M. Mohammadpouri,31,D,63,80,80
45,A. Mortazaei,22,D,61,80,80
46,K. Nikkhou,25,D,62,80,80
47,M. Shahmohammadi,25,D,72,80,80
48,A. Tizro,33,D,65,80,80
9,A. Ghaseminejad,30,M,57,80,80
10,A. Amirkamdar,27,M,64,80,80
11,P. Sadeghian,24,M,79,80,80
14,A. Teymourian,33,M,83,80,80
16,S. Rahbar Baghaei,22,M,70,80,80
18,A. Zarei,25,M,66,80,80
23,B. Ahmadi,23,M,69,80,80
27,A. Dindar,20,M,62,80,80
49,J. Barzegar,25,M,65,80,80
60,M. Bijani ,34,M,63,80,80
61,S. Eghbali,25,M,62,80,80
62,M. Khanzad,25,M,67,80,80
63,Thaer Krouma,26,M,62,80,80
64,R. Pirzadeh,34,M,59,80,80
65,F. Pourkhanmohammad,23,M,55,80,80
66,A. Pourmohammad,25,M,59,80,80
67,I. Raeisinasab,25,M,61,80,80
68,F. Taheri,25,M,62,80,80
69,S. Tavakoli,25,M,63,80,80
7,S. Nariman Jahan,25,A,80,80,80
17,H. Pakdel,25,A,67,80,80
19,J. Rafkhaei,32,A,79,80,80
37,M. Bayrami,26,A,75,80,80
51,A. Afaghi,25,A,70,80,80
52,A. Daneshian,25,A,63,80,80
53,H. Gharedaghi,25,A,62,80,80
54,F. Mohammadi,29,A,66,80,80
