12,M. Farahani,28,G,67,80,80
30,A. Gohari,20,G,66,80,80
31,N. Safarzaei,21,G,59,80,80
2,A. Alenemeh,34,D,72,80,80
3,R. Aliari,22,D,66,80,80
5,A. Shahamati,18,D,63,80,80
10,A. Sadeghi,31,D,74,80,80
13,V. Hamdinejad,34,D,76,80,80
19,I. Prahich,29,D,80,80,80
34,M. Fakhreddini,26,D,76,80,80
4,M. Daneshgar,22,M,76,80,80
6,A. Ezzat,29,M,77,80,80
8,A. Rezavand,23,M,66,80,80
14,R. Asadi,20,M,65,80,80
16,T. Gholami,25,M,69,80,80
23,I. Mobali,34,M,82,80,80
70,Abbas Bouazar,24,M,76,80,80
32,M. Barvaeyh,21,M,68,80,80
9,I. Alekasir,26,A,69,80,80
11,M. Ghazi,31,A,75,80,80
24,F. Mohammadizadeh,22,A,69,80,80
77,A. Motahari,23,A,77,80,80
99,M. Baghdadi,21,A,66,80,80
33,A. Jabari,23,A,65,80,80
34,H. Khodabandelou,26,A,66,80,80
35,M. Yari,25,A,60,80,80
