1,M. Roshangar,35,G,71,80,80
35,S. Gordan,32,G,75,80,80
60,S. Jalali,22,G,73,80,80
2,V. Haroyan,24,D,72,80,80
4,M. Moradmand,23,D,68,80,80
5,A. Hosseini,25,D,62,80,80
7,M. Nasehi,32,D,70,80,80
17,H. Jafari,26,D,71,80,80
23,M. Abbasian,27,D,66,80,80
37,M. Mansouri,22,D,65,80,80
61,M. Faramarzi,22,D,67,80,80
62,F. Ghasemi,23,D,66,80,80
63,M. Nazarzadeh,33,D,74,80,80
3,F. Gerami,25,M,63,80,80
6,K. Ahmadi,30,M,66,80,80
8,M. Khorsandnia,28,M,74,80,80
13,M. Yousefi,33,M,74,80,80
21,M. Kamandani,22,M,73,80,80
24,M. Kafshgari,29,M,76,80,80
88,R. Haghighi,27,M,75,80,80
64,A. Hesami,25,M,67,80,80
65,H. Khaziravi,22,M,69,80,80
66,A. Nademi,23,M,59,80,80
67,R. Otaghi,23,M,61,80,80
68,S. Rouzitalab,25,M,63,80,80
69,H. Zarei,17,M,53,80,80
10,Y. Shakeri,26,A,70,80,80
11,M. Mardani,22,A,69,80,80
27,H. Zamehran,24,A,65,80,80
36,D. Diarrassouba,22,A,64,80,80
75,H. Mehraban,20,A,69,80,80
45,A. Eskandari,23,A,70,80,80
46,M. Gharibi,24,A,74,80,80
47,A. Ghoreishi,20,A,71,80,80
