1,R. Ahmadi,36,G,80,80,80
31,H. Sedghi,23,G,67,80,80
21,P. Niazmand,21,G,68,80,80
3,Halisson,31,D,66,80,80
4,A. Sadeghi,35,D,80,80,80
5,S. Yazdani Moghadam,24,D,66,80,80
20,L. Hayrapetyan,27,D,70,80,80
40,A. Hamoudi,30,D,66,80,80
22,A. Abbasi,25,D,68,80,80
24,R. Amiri,25,D,56,80,80
25,A. Dashti,25,D,61,80,80
26,S. Ghezelgachi,33,D,59,80,80
27,M. Hosseinzadeh,25,D,61,80,80
28,M. Rostami,25,D,55,80,80
2,M. Shiri,25,M,73,80,80
6,A. Amiri,22,M,71,80,80
7,M. Barani,25,M,70,80,80
8,S. Nemati,22,M,6,80,80
10,B. Abdi,33,M,75,80,80
14,M. Rahmani,20,M,66,80,80
16,A. Ghasemi,27,M,68,80,80
23,A. Ebrahimi,34,M,70,80,80
29,M. Ezzati,21,M,65,80,80
30,E. Pourafraz,25,M,57,80,80
31,M. Rajabzadeh,33,M,54,80,80
32,M. Soleiman Fallah,30,M,70,80,80
33,J. Zeyghami,27,M,67,80,80
9,A. Borhani,33,A,75,80,80
11,F. Emamali,21,A,65,80,80
17,S. Moghanlou,25,A,64,80,80
19,P. Ranjbari,24,A,52,80,80
77,S. Ashouri Mirani,25,A,57,80,80
90,G. Mensha,27,A,69,80,80
99,M. Aghakhan,23,A,67,80,80
34,A. Ghorbannejad,25,A,56,80,80
35,R. Karmollachaeb,19,A,59,80,80
36,Y. Najjarian,25,A,55,80,80
37,M. Nazari,26,A,66,80,80
38,H. Nouri,25,A,63,80,80
39,M. Yaghoubi,25,A,62,80,80
