1,A. Beiranvand,24,G,86,80,80
44,B. Radosevic,27,G,71,80,80
4,J. Hosseini,34,D,85,80,80
6,A. Golec,26,D,72,80,80
13,H. Mahini,30,D,80,80,80
15,M. Ansari,25,D,74,80,80
18,M. Rabikhah,29,D,68,80,80
23,M. Aramtab,31,D,63,80,80
27,R. Rezaeian,26,D,84,80,80
2,O. Alishah,24,M,79,80,80
8,A. Nourollahi,23,M,81,80,80
10,F. Ahmadzadeh,24,M,79,80,80
11,K. Kamyabinia,27,M,81,80,80
17,S. Moharrami,20,M,67,80,80
19,V. Amiri,28,A,86,80,80
22,O. Polyansky,30,M,72,80,80
29,M. Rahmati,25,M,69,80,80
77,M. Mosalman,25,M,77,80,80
80,V. Priyomov,30,M,71,80,80
9,M. Taremi,24,A,88,80,80
37,E. Alvanzadeh,21,A,65,80,80
70,A. Alipour,21,A,80,80,80
