1,H. Lak,26,G,77,80,80
22,M. Sadeghi,27,G,66,80,80
24,M. Ghodratipour,25,G,59,80,80
2,D. Bahadori,22,D,71,80,80
3,P. Seifpanahi,30,D,67,80,80
4,M. Haghjou,30,D,70,80,80
16,H. Beikzadeh,32,D,75,80,80
20,H. Hashemi,33,D,70,80,80
23,H. Divsalar,26,D,70,80,80
63,N. Daghestani,18,D,66,80,80
5,G. Dehnavi,35,M,73,80,80
6,M. Hosseini,23,M,64,80,80
14,O.Jahanbakhsh,22,M,68,80,80
17,M. Karami,21,M,62,80,80
18,M. Amiri,25,M,67,80,80
21,E.Badi,25,M,70,80,80
30,M. Abtahi,24,M,66,80,80
75,M. Baouj Rezaei,20,M,59,80,80
88,V. Aliabadi,26,M,61,80,80
61,M. Aliyari,20,M,62,80,80
60,M. Mohammadzadeh,25,M,63,80,80
7,K. Amraei,26,A,71,80,80
8,K. Eslami,30,A,62,80,80
9,M. Tanhaei,30,A,64,80,80
10,G. Enayati,40,A,76,80,80
11,M. Ousani,24,A,73,80,80
70,A. Hasanzadeh,31,A,79,80,80
77,A. Fatemi,23,A,67,80,80
