1,H. Fallahzadeh,30,G,73,80,80
22,Alessandro,28,G,69,80,80
33,M. Akbar Monadi,20,G,63,80,80
3,Junior Lopes,29,D,71,80,80
5,S. Kouroshi,27,D,67,80,80
7,A. Zeynali,26,D,73,80,80
14,S. Lotfi,24,D,71,80,80
20,A. Shojaei,19,D,67,80,80
21,O. Khaledi,29,D,71,80,80
4,R. Shahalidoost,30,M,63,80,80
6,M. Badrlou,30,M,71,80,80
8,E. Sadeghi,37,M,76,80,80
9,M. Torabi,22,M,84,80,80
11,A. Gholizadeh,20,M,64,80,80
13,E. Shakouri,32,M,71,80,80
18,H. Shiri,30,M,69,80,80
19,S. Moshkelpoor,26,M,67,80,80
23,A. Moghadam,25,M,59,80,80
27,H. Kamyab,25,M,55,80,80
28,M. Soltani,17,M,53,80,80
60,A. Alizadeh,23,M,67,80,80
61,M. Esmaeili Beigi,24,M,64,80,80
62,M. Ramezani,27,M,66,80,80
10,G. Rezaei,32,A,79,80,80
16,Naldinho,23,A,71,80,80
17,M. Hasanzadeh,25,A,66,80,80
24,R. Jafari,19,A,69,80,80
77,B. Salari,23,A,68,80,80
63,M. Alinejad,23,A,71,80,80
64,A. Mazloum,20,A,65,80,80
65,B. Niari,18,A,66,80,80
