1,H. Houri,25,G,66,80,80
22,A. Etemadi,29,G,64,80,80
33,M. Deris,25,G,62,80,80
61,M. Sotoudeh,25,G,58,80,80
2,R. Alabi,30,D,58,80,80
4,M. Mamshali,25,D,62,80,80
19,H. Saki,19,D,63,80,80
62,A. Abbasi,22,D,61,80,80
63,R. Hashemi,25,D,62,80,80
64,M. Lameinezhad,25,D,66,80,80
65,A. Mardasi,25,D,67,80,80
60,R. Yazdan Doust,25,D,61,80,80
5,A. Abdollahzadeh,23,M,65,80,80
6,Gwi-Hyeon Kim,26,M,72,80,80
7,M. Pourmohammad,29,M,69,80,80
10,A. Zoleikani,27,M,62,80,80
11,M. Jahani,27,M,63,80,80
12,M. Darizadeh,25,M,64,80,80
14,Bruno,26,M,71,80,80
15,Hossein Baghlani,26,M,66,80,80
20,M. Niknafas,25,M,66,80,80
23,M. Mojdemi,25,M,65,80,80
29,R. Jabireh,19,M,57,80,80
30,M. Shabanloo,21,M,59,80,80
66,S. Barkhordari,21,M,66,80,80
67,M. Bohrani,25,M,57,80,80
68,B. Bonyadzadeh,22,M,61,80,80
69,M. Hojoumi,25,M,53,80,80
70,S. Mousavi,21,M,58,80,80
71,Z. Niknafs,27,M,61,80,80
72,H. Tahazadeh,25,M,62,80,80
73,H. Taherifard,25,M,63,80,80
3,F. Faraji,22,A,66,80,80
8,H. Nasari,30,A,67,80,80
9,R. Norouzi,34,A,69,80,80
13,M. Ahmadi,25,A,66,80,80
17,M. Shadkam,25,A,57,80,80
18,D. Santoya,28,A,69,80,80
74,P. Miri,24,A,57,80,80