1,Lee,28,G,76,80,80
27,M. Amini,20,G,66,80,80
2,A. Helichi,21,D,72,80,80
3,S. Khalilzadeh,27,D,80,80,80
26,M. Ahmadi,33,D,79,80,80
33,A. Sohrabian,21,D,76,80,80
39,M. Roshandel,21,D,69,80,80
55,A. Gholami,19,D,67,80,80
4,M. Navidkia,34,M,82,80,80
5,M. Coulibaly,23,D,84,80,80
6,M. Sarlak,21,M,71,80,80
8,R. Navidkia,33,M,82,80,80
10,T. Rikani,26,M,75,80,80
19,S. Didehvar,21,M,73,80,80
23,Mehrdad Mohammadi,23,A,66,80,80
28,E. Hajsafi,26,M,87,80,80
37,H. Fazeli,23,M,67,80,80
40,N. Ghalavand,20,M,64,80,80
70,H. Bahiraei,21,M,70,80,80
7,H. Papi,31,A,76,80,80
9,Farid Karimi,27,A,77,80,80
11,E. Mirjavan,28,A,78,80,80
17,J. Alimohammadi,26,A,66,80,80
21,M. Ghaed Rahmati,25,A,73,80,80
77,R. Mirzaei,20,A,72,80,80
99,Pedro Henrique,24,A,76,80,80
