1,Andrey,33,G,66,80,80
21,M. Naseri,23,G,63,80,80
60,M. Ein Afshar,34,G,64,80,80
61,M. Ghadimipour,22,G,62,80,80
2,P. Malekian,20,D,67,80,80
4,M. Khanzadeh,25,D,72,80,80
5,M. Aghaei,21,D,71,80,80
6,Meisam Hosseini,29,D,71,80,80
19,A. Jafari,25,D,66,80,80
23,S. Moradi,27,D,58,80,80
24,H. Aliasgari,26,D,72,80,80
44,A. Kazemian,26,D,66,80,80
62,B. Afshar,30,D,64,80,80
63,M. Jafarpour,32,D,68,80,80
64,M. Rezaei,21,D,63,80,80
65,A. Sedghi,20,D,59,80,80
3,R. Sharbati,21,M,62,80,80
7,R. Darvishi,30,M,70,80,80
8,H. Badamaki,35,M,73,80,80
9,M. Ahmadi,28,M,69,80,80
10,A. Kalantari,26,M,65,80,80
28,A. Zarei,20,M,66,80,80
50,S. Daghighi,31,M,75,80,80
88,F.Hashemi,19,M,58,80,80
66,S. Afrasiabi,25,M,59,80,80
67,T. Davoudian,20,M,62,80,80
68,P. Esmaeilian,25,M,66,80,80
69,E. Karimi,30,M,63,80,80
70,H. Karimi,24,M,68,80,80
71,Milad Nouri,30,M,72,80,80
72,M. Safaei,22,M,71,80,80
73,S. Vaese'ei,22,M,64,80,80
11,M. Ranjbar,26,A,65,80,80
17,M. Traore,26,A,63,80,80
27,R. Seifollahi,25,A,74,80,80
90,A. Asgari,26,A,65,80,80
74,M. Menarizadeh,26,A,61,80,80
75,I. Mousavi,27,A,70,80,80
76,V. Najafi,22,A,62,80,80
77,A. Shojaeian,28,A,66,80,80
