1,M. Akhbari,23,G,80,80,80
21,F. Garousian,24,G,76,80,80
2,M. Iranpourian,31,D,77,80,80
4,K. Shafiei,29,D,72,80,80
5,H. Mohammadi,25,D,66,80,80
8,M. Bengar,37,D,80,80,80
16,M. Mehdizadeh,22,D,72,80,80
3,A. Aghasi,19,D,73,80,80
12,A. Faraji,21,D,71,80,80
6,M. Kiani,29,M,79,80,80
7,S. Aghaei,21,M,76,80,80
13,Karrar Jassim,29,M,77,80,80
14,Mohammad Nouri,33,M,82,80,80
17,S. Rafiei,26,M,80,80,80
66,S. Ashouri,28,M,72,80,80
10,M. Ebrahimi,32,A,70,80,80
11,Edinho,34,A,82,80,80
20,M. Sharifi,24,A,81,80,80
24,F. Hatami,30,A,76,80,80
25,A. Ramezani,23,A,72,80,80
77,S. Goudarzi,29,A,66,80,80
