12,M. Mazaheri,27,G,83,80,80
22,H. Erfani,28,G,72,80,80
40,P. Salmani,22,G,71,80,80
2,M. Nejadmahdi,24,D,76,80,80
3,V. Mohammadzadeh,27,D,71,80,80
18,Ali Hamam,30,D,76,80,80
19,M. Ghanbari,27,D,66,80,80
20,H. Haghverdi,23,D,69,80,80
26,N. Taheri,19,D,66,80,80
33,M. Sattari,23,D,68,80,80
36,K. Eghbali,20,D,63,80,80
6,M. Mehdipour,22,M,71,80,80
8,G. Hadadifar,33,M,72,80,80
10,E. Pahlevan,23,M,80,80,80
14,R. Shekari,18,M,65,80,80
24,M. Derakhshanfar,18,M,59,80,80
35,K. Momeni,21,M,62,80,80
7,Mohammadreza Hosseini,27,A,76,80,80
11,M. Tabrizi,25,A,79,80,80
17,M. Abbasi,20,A,71,80,80
23,D. Esmaeilifar,23,A,75,80,80
27,J. Bengtson,29,A,74,80,80
28,A. Khodadadi,18,A,66,80,80
30,M. Rajabzadeh,38,A,78,80,80
31,H. Jafari,21,A,62,80,80
70,Y. Feyzi,24,A,64,80,80
